{
  "failure_rates": [
    0,
    20,
    40,
    60
  ],
  "results": {
    "Rainbow": {
      "delay": [
        31.741069583505134,
        34.929161407840105,
        31.470630833138536,
        32.40838888007554
      ],
      "pdr": [
        0.9766666666666667,
        0.9666666666666667,
        0.98,
        0.96
      ],
      "jitter": [
        22.744002915584684,
        23.26028290933864,
        21.67247782052073,
        23.91624008664408
      ],
      "throughput": [
        0.08905775075987842,
        0.07791509940891994,
        0.09167446211412535,
        0.08727272727272728
      ]
    },
    "DQN": {
      "delay": [
        33.38260962016978,
        35.52126775347263,
        35.26930686806377,
        36.089518964811504
      ],
      "pdr": [
        0.9766666666666667,
        0.99,
        0.99,
        0.9866666666666667
      ],
      "jitter": [
        22.973785361867566,
        23.81449760416527,
        22.157891591551294,
        24.267996120887492
      ],
      "throughput": [
        0.08080529509100938,
        0.0845912845343207,
        0.08310016787912702,
        0.08440262332477902
      ]
    },
    "GNN-DQN": {
      "delay": [
        31.7576158755772,
        34.13230473709883,
        32.39042591331746,
        34.00189611846683
      ],
      "pdr": [
        0.9833333333333333,
        0.9833333333333333,
        0.9833333333333333,
        0.98
      ],
      "jitter": [
        22.336897281175883,
        22.732676326675406,
        23.006763378922727,
        22.57745670781453
      ],
      "throughput": [
        0.09412890874282068,
        0.08999389871873094,
        0.08777149657839929,
        0.08647058823529412
      ]
    },
    "Q-Routing": {
      "delay": [
        35.8876171475337,
        31.48542103867551,
        32.872628847965146,
        40.30129452306065
      ],
      "pdr": [
        0.38666666666666666,
        0.4866666666666667,
        0.4533333333333333,
        0.3233333333333333
      ],
      "jitter": [
        21.76188071816997,
        18.801087041732433,
        22.383843816358493,
        26.291780262212807
      ],
      "throughput": [
        0.15243101182654403,
        0.1822721598002497,
        0.17369093231162197,
        0.12763157894736843
      ]
    },
    "Dijkstra": {
      "delay": [
        12.321745654669092,
        13.459342475418635,
        14.554283776339547,
        14.06680936047103
      ],
      "pdr": [
        0.9933333333333333,
        0.9566666666666667,
        0.9966666666666667,
        0.91
      ],
      "jitter": [
        5.870755204795727,
        7.52710564363592,
        7.64211325040231,
        7.4636386732692355
      ],
      "throughput": [
        0.32112068965517243,
        0.3099352051835853,
        0.3060388945752303,
        0.3127147766323024
      ]
    },
    "ECMP": {
      "delay": [
        14.16596481342844,
        13.293215256475458,
        12.153228220409403,
        16.95367771382506
      ],
      "pdr": [
        0.9666666666666667,
        1.0,
        1.0,
        0.9166666666666666
      ],
      "jitter": [
        7.337900998615571,
        6.478792701545933,
        5.533544503886174,
        9.559091678804702
      ],
      "throughput": [
        0.31693989071038253,
        0.33112582781456956,
        0.3325942350332594,
        0.2931769722814499
      ]
    },
    "Random": {
      "delay": [
        37.01436067796562,
        35.147273469708935,
        37.61449014699131,
        35.00519025327667
      ],
      "pdr": [
        0.9733333333333334,
        0.9633333333333334,
        0.96,
        0.8666666666666667
      ],
      "jitter": [
        21.91628232479299,
        19.867582708964566,
        21.633354686690257,
        20.73647381424864
      ],
      "throughput": [
        0.13012477718360071,
        0.12838738338516215,
        0.12978819287967552,
        0.10132501948558068
      ]
    }
  }
}