{
  "Full Rainbow": {
    "mean": -124.00417928580563,
    "std": 258.60481167824395
  },
  "\u2212 Dueling": {
    "mean": -162.44775578347944,
    "std": 296.7819447079421
  },
  "\u2212 PER (uniform)": {
    "mean": -156.46501280173385,
    "std": 298.0982046690906
  },
  "\u2212 n-step (n=1)": {
    "mean": -118.4102516167707,
    "std": 233.6161162545406
  },
  "Vanilla DQN": {
    "mean": -118.71918285968154,
    "std": 243.89934027288984
  }
}