{
  "20": {
    "k_failed": 3,
    "n_edges": 17,
    "per_algorithm": {
      "Rainbow": {
        "pdr_random": 0.825,
        "pdr_adversarial": 0.7666666666666667,
        "robustness_drop": 0.05833333333333324
      },
      "DQN": {
        "pdr_random": 0.9083333333333333,
        "pdr_adversarial": 0.6,
        "robustness_drop": 0.30833333333333335
      },
      "GNN-DQN": {
        "pdr_random": 1.0,
        "pdr_adversarial": 1.0,
        "robustness_drop": 0.0
      },
      "Q-Routing": {
        "pdr_random": 0.5833333333333334,
        "pdr_adversarial": 0.4166666666666667,
        "robustness_drop": 0.16666666666666669
      },
      "Dijkstra": {
        "pdr_random": 1.0,
        "pdr_adversarial": 1.0,
        "robustness_drop": 0.0
      }
    }
  },
  "40": {
    "k_failed": 7,
    "n_edges": 17,
    "per_algorithm": {
      "Rainbow": {
        "pdr_random": 0.525,
        "pdr_adversarial": 0.55,
        "robustness_drop": -0.025000000000000022
      },
      "DQN": {
        "pdr_random": 0.7416666666666667,
        "pdr_adversarial": 0.6,
        "robustness_drop": 0.14166666666666672
      },
      "GNN-DQN": {
        "pdr_random": 1.0,
        "pdr_adversarial": 1.0,
        "robustness_drop": 0.0
      },
      "Q-Routing": {
        "pdr_random": 0.25833333333333336,
        "pdr_adversarial": 0.23333333333333334,
        "robustness_drop": 0.025000000000000022
      },
      "Dijkstra": {
        "pdr_random": 0.8,
        "pdr_adversarial": 0.625,
        "robustness_drop": 0.17500000000000004
      }
    }
  }
}