{
  "failure_rates": [
    0,
    20,
    40,
    60
  ],
  "results": {
    "Rainbow": {
      "delay": [
        15.710039411493037,
        15.546914102532849,
        14.817405371012473,
        15.3956977471701
      ],
      "pdr": [
        0.9333333333333333,
        0.94,
        0.9133333333333333,
        0.8966666666666666
      ],
      "jitter": [
        10.496959832731362,
        10.59966489894972,
        10.722719690460309,
        9.721331533871327
      ],
      "throughput": [
        0.09099772505687358,
        0.0931615460852329,
        0.0817910447761194,
        0.07361795292829776
      ]
    },
    "DQN": {
      "delay": [
        12.251561908273256,
        12.562817324946888,
        12.442260479449343,
        12.818011915056427
      ],
      "pdr": [
        0.8633333333333333,
        0.8266666666666667,
        0.85,
        0.8333333333333334
      ],
      "jitter": [
        8.379736105454036,
        8.390824918329225,
        8.753784567104017,
        9.37985804579839
      ],
      "throughput": [
        0.07178492239467849,
        0.062186559679037114,
        0.0703448275862069,
        0.06589351607801792
      ]
    },
    "GNN-DQN": {
      "delay": [
        10.03458531843898,
        9.242092308136694,
        9.13738745654165,
        10.210661890835349
      ],
      "pdr": [
        1.0,
        1.0,
        1.0,
        1.0
      ],
      "jitter": [
        6.020566008674647,
        6.182280499086645,
        5.871008969499363,
        5.640552713292005
      ],
      "throughput": [
        0.5514705882352942,
        0.5415162454873647,
        0.5504587155963303,
        0.5424954792043399
      ]
    },
    "Q-Routing": {
      "delay": [
        35.332592122521845,
        32.29589721115712,
        32.19662406901629,
        37.10107494300909
      ],
      "pdr": [
        0.5433333333333333,
        0.4633333333333333,
        0.45666666666666667,
        0.39666666666666667
      ],
      "jitter": [
        23.188527242066346,
        19.75067997337008,
        19.93383092896865,
        23.724463074591544
      ],
      "throughput": [
        0.20248447204968945,
        0.17440401505646172,
        0.18242343541944075,
        0.15414507772020725
      ]
    },
    "Dijkstra": {
      "delay": [
        13.896244512755462,
        14.445394789924277,
        13.719671292774656,
        15.109297144118774
      ],
      "pdr": [
        0.9466666666666667,
        0.98,
        0.9866666666666667,
        0.91
      ],
      "jitter": [
        6.946531634469824,
        6.886598945953596,
        7.17555967132628,
        7.546371598592531
      ],
      "throughput": [
        0.30869565217391304,
        0.3052959501557632,
        0.2951146560319043,
        0.3023255813953488
      ]
    },
    "ECMP": {
      "delay": [
        12.94998234254274,
        13.825711899634829,
        12.2527603800479,
        12.55869250687979
      ],
      "pdr": [
        0.95,
        0.9533333333333334,
        0.9966666666666667,
        0.92
      ],
      "jitter": [
        6.411481990579381,
        7.58516652627217,
        5.5575212446900055,
        5.570398545608518
      ],
      "throughput": [
        0.3028692879914984,
        0.3170731707317073,
        0.32929515418502203,
        0.32857142857142857
      ]
    },
    "Random": {
      "delay": [
        37.169362896127666,
        33.96947663773651,
        33.08280959386873,
        36.468242020563615
      ],
      "pdr": [
        1.0,
        0.9766666666666667,
        0.7866666666666666,
        0.86
      ],
      "jitter": [
        21.619655064824777,
        20.303308342473176,
        21.265786849120257,
        20.443877170663733
      ],
      "throughput": [
        0.1487357461576599,
        0.13546000924641702,
        0.08368794326241134,
        0.08918078119599032
      ]
    }
  }
}