{"0": {"1": {"1": 899.6219983657115, "2": 999.0}, "2": {"1": 241.46343709720168, "2": 999.0}, "3": {"1": 999.5379494015239, "2": 999.0}, "4": {"1": 14.277377807342553, "2": 999.0}, "5": {"1": 999.3157847330504, "2": 999.0}, "6": {"1": 999.6858078849158, "2": 999.0}, "7": {"1": 11.61463198867632, "2": 999.0}, "8": {"1": 910.7138504419812, "2": 999.0}, "9": {"1": 999.0, "2": 999.0}}, "1": {"0": {"0": 2.902440561135166, "3": 10.0, "4": 10.0, "5": 10.0}, "2": {"0": 766.971930193586, "3": 999.0, "4": 999.0, "5": 999.0}, "3": {"0": 999.9044042959611, "3": 899.3769812646885, "4": 999.0, "5": 999.0}, "4": {"0": 14.637624224434049, "3": 999.0, "4": 999.0, "5": 999.0}, "5": {"0": 999.5530148557401, "3": 999.0, "4": 999.0, "5": 999.0}, "6": {"0": 999.6858078849158, "3": 999.0, "4": 999.0, "5": 999.0}, "7": {"0": 999.0, "3": 31.58690293061196, "4": 999.0, "5": 14.743355758339536}, "8": {"0": 999.0, "3": 999.0, "4": 999.0, "5": 999.0}, "9": {"0": 999.0, "3": 999.0, "4": 999.0, "5": 999.0}}, "2": {"0": {"0": 999.0, "3": 21.313983143636804, "5": 12.168571553302474}, "1": {"0": 999.0, "3": 999.0, "5": 14.559436969861297}, "3": {"0": 207.26265216452646, "3": 999.0, "5": 999.0}, "4": {"0": 10.987878733412135, "3": 31.487355826816454, "5": 99.84573025907721}, "5": {"0": 10.805780108598439, "3": 10.996662271051127, "5": 999.0}, "6": {"0": 999.0, "3": 999.0, "5": 14.052614249173695}, "7": {"0": 999.0, "3": 245.1203801906736, "5": 999.0}, "8": {"0": 10.147088161475882, "3": 9.679413533349683, "5": 10.129659088958913}, "9": {"0": 999.0, "3": 12.343377152205647, "5": 12.537894816560565}}, "3": {"0": {"1": 999.0, "2": 999.0, "6": 999.0, "8": 999.0}, "1": {"1": 999.0, "2": 999.0, "6": 999.0, "8": 101.63267703163513}, "2": {"1": 999.0, "2": 999.0, "6": 11.294436560174006, "8": 999.0}, "4": {"1": 999.0, "2": 999.0, "6": 999.0, "8": 999.0}, "5": {"1": 111.62656054897911, "2": 999.0, "6": 999.0, "8": 999.0}, "6": {"1": 11.172529803360659, "2": 11.594152636745765, "6": 999.0, "8": 90.79099063162178}, "7": {"1": 999.0, "2": 999.0, "6": 999.0, "8": 999.0}, "8": {"1": 10.106498474177315, "2": 10.385193679527308, "6": 999.0, "8": 999.0}, "9": {"1": 999.0, "2": 999.0, "6": 999.0, "8": 999.0}}, "4": {"0": {"1": 999.0, "6": 18.663256922272037, "7": 999.0}, "1": {"1": 999.0, "6": 20.284673763643696, "7": 999.0}, "2": {"1": 11.961381026714937, "6": 11.38614083853547, "7": 999.0}, "3": {"1": 999.0, "6": 999.0, "7": 12.28061093961908}, "5": {"1": 840.3226972425521, "6": 999.0, "7": 999.0}, "6": {"1": 11.593564773790856, "6": 999.0, "7": 11.124646320016765}, "7": {"1": 10.877549301190339, "6": 10.580205940100935, "7": 999.0}, "8": {"1": 999.0, "6": 999.0, "7": 12.97356782490087}, "9": {"1": 661.1568335056553, "6": 999.0, "7": 999.0}}, "5": {"0": {"1": 999.0, "2": 13.15095794128885, "7": 999.0, "8": 99.20749205777817}, "1": {"1": 999.0, "2": 14.238001280357423, "7": 999.0, "8": 110.9484506025598}, "2": {"1": 10.11333703617716, "2": 3.19214134635347, "7": 10.0, "8": 10.0}, "3": {"1": 999.0, "2": 12.146169771224946, "7": 11.35140787516314, "8": 999.0}, "4": {"1": 900.7647644844321, "2": 999.0, "7": 999.0, "8": 999.0}, "6": {"1": 999.0, "2": 13.796029221654841, "7": 999.0, "8": 999.0}, "7": {"1": 999.0, "2": 40.652875400079054, "7": 999.0, "8": 999.0}, "8": {"1": 999.0, "2": 10.456525822452313, "7": 10.609075672656187, "8": 999.0}, "9": {"1": 999.0, "2": 12.865951810699007, "7": 999.0, "8": 999.0}}, "6": {"0": {"3": 937.809781147911, "4": 999.0, "7": 999.0, "9": 999.0}, "1": {"3": 999.0, "4": 18.88716221361216, "7": 999.0, "9": 999.0}, "2": {"3": 11.844875287908842, "4": 999.0, "7": 12.078936693715988, "9": 999.0}, "3": {"3": 3.6892212733482634, "4": 10.0, "7": 10.0, "9": 10.0}, "4": {"3": 578.6377966301905, "4": 999.0, "7": 999.0, "9": 999.0}, "5": {"3": 11.176456549771018, "4": 91.59127901570776, "7": 999.0, "9": 999.0}, "7": {"3": 855.5780902022207, "4": 999.0, "7": 999.0, "9": 999.0}, "8": {"3": 999.0, "4": 10.864744628154146, "7": 10.256324848940498, "9": 999.0}, "9": {"3": 900.7017292118953, "4": 999.0, "7": 999.0, "9": 999.0}}, "7": {"0": {"4": 999.0, "5": 999.0, "6": 110.89820467742476, "9": 999.0}, "1": {"4": 13.448116318071426, "5": 10.40538780482301, "6": 11.486853914046552, "9": 90.6505106783352}, "2": {"4": 11.977352370365574, "5": 999.0, "6": 12.090289474489753, "9": 999.0}, "3": {"4": 999.0, "5": 11.921777563109258, "6": 999.0, "9": 11.873664629529095}, "4": {"4": 999.0, "5": 999.0, "6": 62.77883680718787, "9": 19.39627883960835}, "5": {"4": 173.79598437310625, "5": 999.0, "6": 999.0, "9": 999.0}, "6": {"4": 11.366819899694265, "5": 11.149288000856824, "6": 999.0, "9": 999.0}, "8": {"4": 12.016298033387116, "5": 11.063375017665583, "6": 10.931753211263661, "9": 999.0}, "9": {"4": 235.93407937676224, "5": 999.0, "6": 199.8375447851252, "9": 999.0}}, "8": {"0": {"3": 999.0, "5": 999.0, "9": 999.0}, "1": {"3": 999.0, "5": 999.0, "9": 999.0}, "2": {"3": 999.0, "5": 999.0, "9": 11.368389263464115}, "3": {"3": 999.0, "5": 999.0, "9": 999.0}, "4": {"3": 863.6991331573213, "5": 999.0, "9": 999.0}, "5": {"3": 999.0, "5": 999.0, "9": 999.0}, "6": {"3": 731.9608092180688, "5": 999.0, "9": 999.0}, "7": {"3": 596.1504969210005, "5": 999.0, "9": 999.0}, "9": {"3": 999.0, "5": 10.116659675335134, "9": 6.216154308065629}}, "9": {"0": {"6": 908.2004461937557, "7": 999.0, "8": 999.0}, "1": {"6": 661.4134878273777, "7": 999.0, "8": 999.0}, "2": {"6": 999.0, "7": 999.0, "8": 11.512172319179955}, "3": {"6": 999.0, "7": 12.654947177911934, "8": 999.0}, "4": {"6": 999.0, "7": 999.0, "8": 182.21898077056449}, "5": {"6": 999.0, "7": 11.276017831137967, "8": 11.234390077117174}, "6": {"6": 899.376306633188, "7": 999.0, "8": 999.0}, "7": {"6": 999.0, "7": 999.0, "8": 99.68426333768176}, "8": {"6": 999.0, "7": 999.0, "8": 999.0}}}