{"0": {"1": {"1": 999.0, "2": 14.542545861892723}, "2": {"1": 10.072836884257276, "2": 4.287373856885418}, "3": {"1": 999.2932689722101, "2": 831.9484210960534}, "4": {"1": 796.9341795116042, "2": 999.0}, "5": {"1": 309.7140509100324, "2": 999.0}, "6": {"1": 406.59736190455953, "2": 999.0}, "7": {"1": 101.00482594041337, "2": 15.963908266762306}, "8": {"1": 828.8707377070846, "2": 999.0}, "9": {"1": 316.4101457416684, "2": 312.9048262834824}}, "1": {"0": {"0": 999.0, "3": 48.011265422948355, "4": 999.0, "5": 11.741464694825227}, "2": {"0": 900.0311611859124, "3": 999.0, "4": 999.0, "5": 999.0}, "3": {"0": 999.3567281460247, "3": 999.0, "4": 999.0, "5": 999.0}, "4": {"0": 834.2341681249179, "3": 999.0, "4": 999.0, "5": 999.0}, "5": {"0": 620.0952323789675, "3": 999.0, "4": 999.0, "5": 999.0}, "6": {"0": 999.0, "3": 999.0, "4": 999.0, "5": 999.0}, "7": {"0": 597.5467680694645, "3": 999.0, "4": 999.0, "5": 999.0}, "8": {"0": 150.6839873469748, "3": 180.6474846305375, "4": 999.0, "5": 999.0}, "9": {"0": 789.5409810536073, "3": 999.0, "4": 999.0, "5": 999.0}}, "2": {"0": {"0": 999.0, "3": 39.23067662353974, "5": 10.946442095050976}, "1": {"0": 14.704625798712573, "3": 999.0, "5": 999.0}, "3": {"0": 183.74052046612707, "3": 999.0, "5": 999.0}, "4": {"0": 268.68003659022327, "3": 999.0, "5": 999.0}, "5": {"0": 723.8603801392998, "3": 999.0, "5": 999.0}, "6": {"0": 82.77707204835156, "3": 999.0, "5": 999.0}, "7": {"0": 16.14715599472398, "3": 999.0, "5": 999.0}, "8": {"0": 535.4113608353509, "3": 999.0, "5": 999.0}, "9": {"0": 581.7467524816357, "3": 999.0, "5": 999.0}}, "3": {"0": {"1": 999.0, "2": 999.0, "6": 999.0, "8": 402.50067821181165}, "1": {"1": 999.0, "2": 999.0, "6": 10.695254804659259, "8": 10.619856224011222}, "2": {"1": 999.0, "2": 999.0, "6": 12.095393488641717, "8": 999.0}, "4": {"1": 10.103562634979228, "2": 10.124417254722704, "6": 8.780091833274492, "8": 999.0}, "5": {"1": 999.0, "2": 243.1507990536495, "6": 999.0, "8": 999.0}, "6": {"1": 999.0, "2": 14.620891802516022, "6": 999.0, "8": 999.0}, "7": {"1": 999.0, "2": 999.0, "6": 999.0, "8": 999.0}, "8": {"1": 825.8738909198066, "2": 999.0, "6": 999.0, "8": 999.0}, "9": {"1": 999.0, "2": 10.40531856341756, "6": 10.470722596124086, "8": 10.52999562246461}}, "4": {"0": {"1": 999.0, "6": 13.021916920687294, "7": 999.0}, "1": {"1": 999.0, "6": 11.252245933999124, "7": 11.773531078541664}, "2": {"1": 999.0, "6": 17.582572576683738, "7": 999.0}, "3": {"1": 999.0, "6": 11.740708004317478, "7": 999.0}, "5": {"1": 999.0, "6": 11.264226798055223, "7": 110.0529337202498}, "6": {"1": 11.411238368660234, "6": 999.0, "7": 11.378753159874671}, "7": {"1": 20.636773640176045, "6": 999.0, "7": 999.0}, "8": {"1": 11.51691105229809, "6": 11.648290105129938, "7": 999.0}, "9": {"1": 109.38839692384568, "6": 12.638601096551827, "7": 999.0}}, "5": {"0": {"1": 13.974162937830451, "2": 999.0, "7": 110.82367438099043, "8": 999.0}, "1": {"1": 999.0, "2": 10.400565661944256, "7": 999.0, "8": 10.909323093782398}, "2": {"1": 999.0, "2": 999.0, "7": 999.0, "8": 10.53431134931646}, "3": {"1": 999.0, "2": 10.4624728600032, "7": 10.495075239712323, "8": 10.721951677263068}, "4": {"1": 29.315172983574705, "2": 999.0, "7": 11.409497440721134, "8": 11.608698782815823}, "6": {"1": 742.8361789758278, "2": 999.0, "7": 999.0, "8": 999.0}, "7": {"1": 999.0, "2": 999.0, "7": 999.0, "8": 999.0}, "8": {"1": 12.235083962427906, "2": 100.84331543475892, "7": 11.966767752012407, "8": 999.0}, "9": {"1": 101.74548228237576, "2": 999.0, "7": 999.0, "8": 11.050517466196032}}, "6": {"0": {"3": 999.0, "4": 12.786501221757048, "7": 999.0, "9": 30.244619529815893}, "1": {"3": 999.0, "4": 11.776202520639668, "7": 999.0, "9": 999.0}, "2": {"3": 999.0, "4": 17.772420998878363, "7": 999.0, "9": 999.0}, "3": {"3": 999.0, "4": 11.941491761005647, "7": 999.0, "9": 999.0}, "4": {"3": 10.093884115021693, "4": 4.516583887321163, "7": 10.0, "9": 10.0}, "5": {"3": 21.27301120773162, "4": 10.999102965229305, "7": 999.0, "9": 12.205598089483235}, "7": {"3": 99.59621459855394, "4": 10.389420680859995, "7": 999.0, "9": 999.0}, "8": {"3": 109.29604596681423, "4": 10.54712481297397, "7": 11.122361929789498, "9": 10.60076394669511}, "9": {"3": 999.0, "4": 13.226656022575868, "7": 999.0, "9": 999.0}}, "7": {"0": {"4": 812.9847240279496, "5": 999.0, "6": 999.0, "9": 999.0}, "1": {"4": 999.0, "5": 999.0, "6": 999.0, "9": 14.810447609896867}, "2": {"4": 12.552069404852098, "5": 999.0, "6": 999.0, "9": 999.0}, "3": {"4": 999.0, "5": 999.0, "6": 999.0, "9": 12.50501607068232}, "4": {"4": 809.7970571353825, "5": 999.0, "6": 999.0, "9": 999.0}, "5": {"4": 812.1239417206348, "5": 999.0, "6": 999.0, "9": 999.0}, "6": {"4": 11.365276444973283, "5": 999.0, "6": 999.0, "9": 11.117885924278845}, "8": {"4": 999.0, "5": 999.0, "6": 999.0, "9": 999.0}, "9": {"4": 999.0, "5": 999.0, "6": 11.906101987203828, "9": 999.0}}, "8": {"0": {"3": 629.0025611087773, "5": 999.0, "9": 999.0}, "1": {"3": 999.0, "5": 999.0, "9": 999.0}, "2": {"3": 999.0, "5": 999.0, "9": 11.466123656513329}, "3": {"3": 899.7876751898025, "5": 999.0, "9": 999.0}, "4": {"3": 999.0, "5": 999.0, "9": 999.0}, "5": {"3": 749.7231717074505, "5": 999.0, "9": 999.0}, "6": {"3": 13.30149413531043, "5": 999.0, "9": 12.793090814446545}, "7": {"3": 10.108967289892462, "5": 10.138177350210487, "9": 7.1279254766908196}, "9": {"3": 999.0, "5": 11.015929355983118, "9": 999.0}}, "9": {"0": {"6": 999.0, "7": 191.85141593260047, "8": 999.0}, "1": {"6": 999.0, "7": 14.398989709450602, "8": 999.0}, "2": {"6": 999.0, "7": 11.57096441091086, "8": 11.769715441084266}, "3": {"6": 999.0, "7": 999.0, "8": 12.802677692976081}, "4": {"6": 999.0, "7": 111.17480124110317, "8": 12.534464840507638}, "5": {"6": 999.0, "7": 12.204869962666288, "8": 111.15730314586769}, "6": {"6": 999.0, "7": 10.695706821349383, "8": 10.733978378177117}, "7": {"6": 10.104527007016186, "7": 3.173674279496295, "8": 10.0}, "8": {"6": 11.047360572872938, "7": 10.996030332669436, "8": 999.0}}}