{"0": {"1": {"1": 999.0, "2": 10.260256368885923}, "2": {"1": 384.4597373243304, "2": 999.0}, "3": {"1": 889.1798771392869, "2": 999.0}, "4": {"1": 556.0375467738813, "2": 999.0}, "5": {"1": 11.185541151151035, "2": 10.929365335462268}, "6": {"1": 999.0, "2": 247.64877731304358}, "7": {"1": 243.02723948597335, "2": 274.82892551013276}, "8": {"1": 15.447300086644905, "2": 999.0}, "9": {"1": 15.233297240124232, "2": 999.0}}, "1": {"0": {"0": 999.0, "3": 12.156572771990923, "4": 21.206649629477027, "5": 15.718323623359785}, "2": {"0": 518.6723341450739, "3": 999.0, "4": 999.0, "5": 999.0}, "3": {"0": 987.4666376668142, "3": 999.0, "4": 999.0, "5": 999.0}, "4": {"0": 999.0, "3": 999.0, "4": 999.0, "5": 298.2864970010936}, "5": {"0": 11.588259906400811, "3": 11.667011254004041, "4": 999.0, "5": 999.0}, "6": {"0": 19.991889956937175, "3": 999.0, "4": 13.65829022213932, "5": 999.0}, "7": {"0": 321.70475521864273, "3": 999.0, "4": 999.0, "5": 999.0}, "8": {"0": 15.96410500026836, "3": 999.0, "4": 100.20825326759595, "5": 999.0}, "9": {"0": 14.878528023582442, "3": 999.0, "4": 999.0, "5": 15.189677922801263}}, "2": {"0": {"0": 999.0, "3": 10.0, "5": 10.0}, "1": {"0": 9.156133406649321, "3": 10.0, "5": 10.0}, "3": {"0": 10.633323713242635, "3": 999.0, "5": 10.849752741380104}, "4": {"0": 632.8693202517015, "3": 999.0, "5": 999.0}, "5": {"0": 10.779023799319145, "3": 999.0, "5": 999.0}, "6": {"0": 999.0, "3": 999.0, "5": 999.0}, "7": {"0": 612.2128391410617, "3": 999.0, "5": 999.0}, "8": {"0": 13.03139040753347, "3": 999.0, "5": 999.0}, "9": {"0": 597.6676710955331, "3": 999.0, "5": 999.0}}, "3": {"0": {"1": 999.0, "2": 999.0, "6": 595.4864495749171, "8": 999.0}, "1": {"1": 899.4656826627698, "2": 999.0, "6": 999.0, "8": 999.0}, "2": {"1": 999.0, "2": 999.0, "6": 999.0, "8": 13.656220195980273}, "4": {"1": 999.0, "2": 999.0, "6": 12.977926169033541, "8": 999.0}, "5": {"1": 11.428300353676919, "2": 999.0, "6": 21.04104754284652, "8": 20.26108079049379}, "6": {"1": 10.479267403738953, "2": 86.93650884464624, "6": 999.0, "8": 10.64136162995587}, "7": {"1": 933.6999343407177, "2": 999.0, "6": 999.0, "8": 999.0}, "8": {"1": 11.137784341725588, "2": 10.819146933881399, "6": 999.0, "8": 999.0}, "9": {"1": 13.607567973156476, "2": 999.0, "6": 999.0, "8": 999.0}}, "4": {"0": {"1": 999.0, "6": 169.6952555718846, "7": 999.0}, "1": {"1": 999.0, "6": 14.224907777810225, "7": 10.65316381757446}, "2": {"1": 109.80615272926522, "6": 999.0, "7": 999.0}, "3": {"1": 400.9356109223672, "6": 999.0, "7": 999.0}, "5": {"1": 900.6118067466728, "6": 999.0, "7": 999.0}, "6": {"1": 15.350404724309655, "6": 999.0, "7": 999.0}, "7": {"1": 750.1326546806605, "6": 999.0, "7": 999.0}, "8": {"1": 812.6458519517473, "6": 999.0, "7": 999.0}, "9": {"1": 812.4131310462556, "6": 999.0, "7": 999.0}}, "5": {"0": {"1": 999.0, "2": 999.0, "7": 999.0, "8": 84.7699195610924}, "1": {"1": 999.0, "2": 10.534090250725336, "7": 999.0, "8": 10.51339530128895}, "2": {"1": 923.0680368955434, "2": 999.0, "7": 999.0, "8": 999.0}, "3": {"1": 999.0, "2": 999.0, "7": 11.68500165927486, "8": 999.0}, "4": {"1": 569.6743052748983, "2": 999.0, "7": 999.0, "8": 999.0}, "6": {"1": 999.0, "2": 110.45777146218238, "7": 999.0, "8": 13.53590733056289}, "7": {"1": 10.154353693790016, "2": 10.128553052230782, "7": 999.0, "8": 59.787433744800225}, "8": {"1": 13.120379035914667, "2": 999.0, "7": 100.82157769301769, "8": 999.0}, "9": {"1": 999.0, "2": 156.7374304516136, "7": 101.06346851087119, "8": 999.0}}, "6": {"0": {"3": 634.8617169184083, "4": 999.0, "7": 999.0, "9": 999.0}, "1": {"3": 10.108500607206956, "4": 999.0, "7": 10.465723667223742, "9": 11.054107688523178}, "2": {"3": 812.1570300744245, "4": 999.0, "7": 999.0, "9": 999.0}, "3": {"3": 729.5582629765532, "4": 999.0, "7": 999.0, "9": 999.0}, "4": {"3": 13.011097724433423, "4": 999.0, "7": 999.0, "9": 999.0}, "5": {"3": 999.0, "4": 999.0, "7": 999.0, "9": 999.0}, "7": {"3": 24.740139368330745, "4": 94.18785392629212, "7": 999.0, "9": 11.051277157399966}, "8": {"3": 999.0, "4": 91.16137176422903, "7": 999.0, "9": 999.0}, "9": {"3": 11.803379340171158, "4": 999.0, "7": 10.54679532080839, "9": 999.0}}, "7": {"0": {"4": 999.0, "5": 10.66189638950997, "6": 999.0, "9": 109.8565809452929}, "1": {"4": 11.03324288017986, "5": 10.565829845754939, "6": 10.732604534678718, "9": 999.0}, "2": {"4": 999.0, "5": 198.25253575070195, "6": 999.0, "9": 999.0}, "3": {"4": 999.0, "5": 11.46250779923491, "6": 999.0, "9": 11.76239725422025}, "4": {"4": 999.0, "5": 181.7414681269103, "6": 999.0, "9": 999.0}, "5": {"4": 999.0, "5": 4.454869645329776, "6": 10.0, "9": 10.0}, "6": {"4": 999.0, "5": 12.400476767036501, "6": 999.0, "9": 999.0}, "8": {"4": 999.5314542830988, "5": 812.2159639955321, "6": 999.0, "9": 999.0}, "9": {"4": 920.086613017668, "5": 999.0, "6": 999.0, "9": 999.0}}, "8": {"0": {"3": 999.0, "5": 999.0, "9": 422.67581730267904}, "1": {"3": 12.251238656007878, "5": 999.0, "9": 999.0}, "2": {"3": 999.0, "5": 999.0, "9": 17.334842200816013}, "3": {"3": 809.9572427010421, "5": 999.0, "9": 999.0}, "4": {"3": 999.0, "5": 999.0, "9": 12.607811894094716}, "5": {"3": 999.0, "5": 999.0, "9": 351.0741000266684}, "6": {"3": 999.0, "5": 11.673578117333921, "9": 10.55249071858585}, "7": {"3": 999.3117217116065, "5": 999.0, "9": 999.0}, "9": {"3": 10.13462384184006, "5": 10.951835960219091, "9": 999.0}}, "9": {"0": {"6": 999.0, "7": 999.0, "8": 999.0}, "1": {"6": 10.930479966630157, "7": 10.71402590580875, "8": 999.0}, "2": {"6": 999.0, "7": 999.0, "8": 17.297209953188215}, "3": {"6": 91.16984482010407, "7": 11.364095127005536, "8": 999.0}, "4": {"6": 11.630818522265386, "7": 999.0, "8": 12.48036150912046}, "5": {"6": 547.7837899509741, "7": 999.0, "8": 999.0}, "6": {"6": 999.0, "7": 10.990814235118702, "8": 10.400156839691123}, "7": {"6": 10.488174730277748, "7": 999.0, "8": 10.0}, "8": {"6": 999.0, "7": 999.0, "8": 999.0}}}