{"0": {"1": {"1": 591.4149959926066, "2": 999.0}, "2": {"1": 999.2636871588956, "2": 899.3769482631297}, "3": {"1": 999.0, "2": 999.0}, "4": {"1": 766.9078401137141, "2": 999.0}, "5": {"1": 811.9184513906142, "2": 999.0}, "6": {"1": 732.979061755397, "2": 999.0}, "7": {"1": 900.506009721887, "2": 999.0}, "8": {"1": 965.8347961562257, "2": 999.0}, "9": {"1": 350.9741179063898, "2": 999.0}}, "1": {"0": {"0": 999.0, "3": 28.65301820101764, "4": 11.351203612301154, "5": 11.307955267213323}, "2": {"0": 1001.8922491098059, "3": 899.9162672237009, "4": 999.0, "5": 999.0}, "3": {"0": 12.371343566574287, "3": 999.0, "4": 91.37860031499252, "5": 11.516281281221712}, "4": {"0": 869.5735458007179, "3": 999.0, "4": 999.0, "5": 999.0}, "5": {"0": 999.0, "3": 11.1299961349161, "4": 110.13841281377981, "5": 999.0}, "6": {"0": 999.0, "3": 999.0, "4": 999.0, "5": 14.261591805768411}, "7": {"0": 999.0, "3": 999.0, "4": 406.67333647918156, "5": 999.0}, "8": {"0": 971.9395197175982, "3": 999.0, "4": 999.0, "5": 999.0}, "9": {"0": 686.5978985992847, "3": 999.0, "4": 999.0, "5": 999.0}}, "2": {"0": {"0": 999.0, "3": 999.0, "5": 12.058094481421199}, "1": {"0": 999.0, "3": 999.0, "5": 13.262053473001167}, "3": {"0": 999.0, "3": 999.0, "5": 15.062888972253226}, "4": {"0": 999.0, "3": 20.052180647151655, "5": 12.300762939110399}, "5": {"0": 99.87897580024918, "3": 10.817755683606345, "5": 999.0}, "6": {"0": 999.0, "3": 999.0, "5": 14.64029279937333}, "7": {"0": 10.161923038226965, "3": 10.170616482368379, "5": 10.569618593676315}, "8": {"0": 10.345262167983819, "3": 10.249383910036272, "5": 10.896605846925622}, "9": {"0": 12.320124253026053, "3": 11.480149815856038, "5": 12.012507386419697}}, "3": {"0": {"1": 900.5959483946544, "2": 999.0, "6": 999.0, "8": 999.0}, "1": {"1": 899.4208118877558, "2": 999.0, "6": 999.0, "8": 999.0}, "2": {"1": 10.100186572715689, "2": 4.145630948824616, "6": 10.0, "8": 10.0}, "4": {"1": 348.1299690677686, "2": 999.0, "6": 310.2782670434029, "8": 999.0}, "5": {"1": 11.617186369269543, "2": 999.0, "6": 12.280263831567384, "8": 11.277062174528416}, "6": {"1": 12.041493500592793, "2": 11.254421885852189, "6": 999.0, "8": 11.397130309683178}, "7": {"1": 999.0, "2": 999.0, "6": 999.0, "8": 11.45773161817585}, "8": {"1": 107.82129415647636, "2": 12.324426412103916, "6": 999.0, "8": 999.0}, "9": {"1": 999.0, "2": 11.384268792861894, "6": 999.0, "8": 11.344373587846164}}, "4": {"0": {"1": 999.0, "6": 999.0, "7": 14.982338008325037}, "1": {"1": 8.016928157915578, "6": 10.0, "7": 10.0}, "2": {"1": 110.55641465358691, "6": 101.39050587900002, "7": 11.576862281972094}, "3": {"1": 811.8947129759241, "6": 999.0, "7": 999.0}, "5": {"1": 900.5950759289213, "6": 999.0, "7": 999.0}, "6": {"1": 10.863886373808269, "6": 999.0, "7": 99.99701240436141}, "7": {"1": 716.7567358801018, "6": 999.0, "7": 999.0}, "8": {"1": 650.8103372016251, "6": 999.0, "7": 999.0}, "9": {"1": 492.05902819954645, "6": 999.0, "7": 999.0}}, "5": {"0": {"1": 999.0, "2": 11.933865189396228, "7": 999.0, "8": 12.48115243926158}, "1": {"1": 999.0, "2": 12.552734193075654, "7": 999.0, "8": 999.0}, "2": {"1": 10.980863396611454, "2": 999.0, "7": 11.87662119217111, "8": 11.047231057843204}, "3": {"1": 999.0, "2": 14.71040817130812, "7": 999.0, "8": 999.0}, "4": {"1": 109.4826394588134, "2": 12.469609634432992, "7": 999.0, "8": 999.0}, "6": {"1": 999.0, "2": 14.593494065939238, "7": 999.0, "8": 999.0}, "7": {"1": 999.0, "2": 11.510709963474111, "7": 999.0, "8": 11.770444501581032}, "8": {"1": 40.61320083442507, "2": 999.0, "7": 12.865736274218442, "8": 999.0}, "9": {"1": 999.0, "2": 14.903914408422967, "7": 999.0, "8": 999.0}}, "6": {"0": {"3": 999.4769548301683, "4": 999.0, "7": 999.0, "9": 999.0}, "1": {"3": 10.54643123869008, "4": 999.0, "7": 999.0, "9": 10.622255252412454}, "2": {"3": 899.8549817932064, "4": 999.0, "7": 999.0, "9": 999.0}, "3": {"3": 999.0, "4": 999.0, "7": 10.462773028070501, "9": 10.634602695196984}, "4": {"3": 613.8698563060213, "4": 999.0, "7": 999.0, "9": 999.0}, "5": {"3": 999.0, "4": 999.0, "7": 999.0, "9": 19.5030369201733}, "7": {"3": 999.0, "4": 99.74245229940396, "7": 999.0, "9": 11.743695298945655}, "8": {"3": 999.0, "4": 68.0983860985662, "7": 10.940108817898208, "9": 999.0}, "9": {"3": 999.0, "4": 999.0, "7": 999.0, "9": 999.0}}, "7": {"0": {"4": 14.963904754773068, "5": 999.0, "6": 999.0, "9": 999.0}, "1": {"4": 999.0, "5": 999.0, "6": 999.0, "9": 999.0}, "2": {"4": 812.826917443346, "5": 999.0, "6": 999.0, "9": 999.0}, "3": {"4": 854.445136745549, "5": 999.0, "6": 999.0, "9": 999.0}, "4": {"4": 899.4933446701443, "5": 999.0, "6": 999.0, "9": 999.0}, "5": {"4": 10.756760122300797, "5": 999.0, "6": 11.593596880887446, "9": 11.799731690594891}, "6": {"4": 900.5505102577349, "5": 999.0, "6": 999.0, "9": 999.0}, "8": {"4": 82.79189171020938, "5": 999.0, "6": 12.583515342738638, "9": 999.0}, "9": {"4": 10.114642496772575, "5": 10.11730883692238, "6": 10.463275757922718, "9": 999.0}}, "8": {"0": {"3": 46.44208999448318, "5": 999.0, "9": 32.822183265527364}, "1": {"3": 110.27865789320494, "5": 999.0, "9": 12.190699856662096}, "2": {"3": 999.0, "5": 999.0, "9": 13.31068982708104}, "3": {"3": 999.0, "5": 999.0, "9": 12.980469919861727}, "4": {"3": 999.0, "5": 999.0, "9": 999.0}, "5": {"3": 999.0, "5": 999.0, "9": 999.0}, "6": {"3": 11.710231311662994, "5": 11.763879458348292, "9": 999.0}, "7": {"3": 999.0, "5": 999.0, "9": 999.0}, "9": {"3": 999.0, "5": 12.622078411935401, "9": 999.0}}, "9": {"0": {"6": 217.1818003926404, "7": 999.0, "8": 999.0}, "1": {"6": 10.776571598944738, "7": 10.979299680005175, "8": 11.256680271181624}, "2": {"6": 999.0, "7": 999.0, "8": 12.877164111420493}, "3": {"6": 999.0, "7": 999.0, "8": 13.598568395356779}, "4": {"6": 999.0, "7": 999.0, "8": 15.453338107198572}, "5": {"6": 18.51661359701437, "7": 999.0, "8": 999.0}, "6": {"6": 999.0, "7": 10.642348306599901, "8": 999.0}, "7": {"6": 10.393886506498154, "7": 8.184502706341519, "8": 10.0}, "8": {"6": 10.078528204545812, "7": 10.10853076868828, "8": 4.425586183591819}}}