{"0": {"1": {"1": 999.0, "2": 11.466307776878134}, "2": {"1": 951.078258385807, "2": 999.0}, "3": {"1": 900.8290613547629, "2": 999.0}, "4": {"1": 660.5762677466682, "2": 999.0}, "5": {"1": 999.0, "2": 488.4765969150664}, "6": {"1": 670.5014287510724, "2": 999.0}, "7": {"1": 732.09013194214, "2": 999.0}, "8": {"1": 922.8013831358667, "2": 999.0}, "9": {"1": 812.247395285387, "2": 999.0}}, "1": {"0": {"0": 999.0, "3": 12.07973736863685, "4": 13.557551990309058, "5": 11.716730733148816}, "2": {"0": 969.613203784801, "3": 999.0, "4": 999.0, "5": 999.0}, "3": {"0": 90.51755495215778, "3": 999.0, "4": 13.191916367149338, "5": 11.999575220710208}, "4": {"0": 999.0, "3": 10.907726683288104, "4": 999.0, "5": 999.0}, "5": {"0": 34.194925486565424, "3": 11.079852509805146, "4": 999.0, "5": 999.0}, "6": {"0": 165.72780813563992, "3": 999.0, "4": 999.0, "5": 999.0}, "7": {"0": 109.37405286749343, "3": 13.029459828736563, "4": 999.0, "5": 999.0}, "8": {"0": 860.2293764885399, "3": 999.0, "4": 999.0, "5": 999.0}, "9": {"0": 999.0, "3": 27.398978391980947, "4": 14.479532728871503, "5": 999.0}}, "2": {"0": {"0": 899.5008475643932, "3": 999.0, "5": 999.0}, "1": {"0": 999.0, "3": 13.8988315248155, "5": 999.0}, "3": {"0": 10.08758444833467, "3": 999.0, "5": 10.416541751173119}, "4": {"0": 100.56403686529437, "3": 999.0, "5": 13.08938454846663}, "5": {"0": 552.3912361558627, "3": 999.0, "5": 999.0}, "6": {"0": 999.0, "3": 999.0, "5": 12.321719218449955}, "7": {"0": 999.0, "3": 999.0, "5": 111.10379711666288}, "8": {"0": 995.8466122693101, "3": 999.0, "5": 999.0}, "9": {"0": 999.0, "3": 999.0, "5": 86.57597156473186}}, "3": {"0": {"1": 12.988474038597325, "2": 999.0, "6": 13.033249499133266, "8": 999.0}, "1": {"1": 999.0, "2": 13.438947268603894, "6": 999.0, "8": 999.0}, "2": {"1": 832.9003902921545, "2": 999.0, "6": 999.0, "8": 999.0}, "4": {"1": 10.49949213220387, "2": 10.119051849360536, "6": 10.109737629408656, "8": 10.964314002742993}, "5": {"1": 999.0, "2": 93.8171812131885, "6": 11.19273812493638, "8": 999.0}, "6": {"1": 10.107171404541235, "2": 10.11719991340982, "6": 5.447269442248672, "8": 10.0}, "7": {"1": 11.235355749755586, "2": 10.660983623159096, "6": 10.65287726033991, "8": 11.912899934579364}, "8": {"1": 999.0, "2": 999.0, "6": 14.645432779879444, "8": 999.0}, "9": {"1": 900.8053750100947, "2": 999.0, "6": 999.0, "8": 999.0}}, "4": {"0": {"1": 11.373744587819823, "6": 999.0, "7": 999.0}, "1": {"1": 999.0, "6": 15.1833182604032, "7": 999.0}, "2": {"1": 14.31554676771756, "6": 999.0, "7": 16.059177305927317}, "3": {"1": 999.0, "6": 12.383089884371007, "7": 999.0}, "5": {"1": 999.0, "6": 13.059780229814574, "7": 999.0}, "6": {"1": 10.137471254282255, "6": 999.0, "7": 10.0}, "7": {"1": 900.6862249477388, "6": 999.0, "7": 999.0}, "8": {"1": 957.4893736077613, "6": 999.0, "7": 999.0}, "9": {"1": 15.162213951950614, "6": 999.0, "7": 999.0}}, "5": {"0": {"1": 999.0, "2": 199.07911823081332, "7": 999.0, "8": 999.0}, "1": {"1": 999.0, "2": 10.526804406995884, "7": 10.534838301451659, "8": 10.408541285363501}, "2": {"1": 999.0, "2": 999.0, "7": 999.0, "8": 566.1199344836181}, "3": {"1": 13.13354844183293, "2": 999.0, "7": 999.0, "8": 999.0}, "4": {"1": 999.0, "2": 13.62119563399723, "7": 999.0, "8": 14.188498023435946}, "6": {"1": 999.0, "2": 999.0, "7": 999.0, "8": 14.350256466387501}, "7": {"1": 900.6582571707812, "2": 999.0, "7": 999.0, "8": 999.0}, "8": {"1": 10.1097761148014, "2": 10.122812593983024, "7": 10.094822637276954, "8": 4.672636469687394}, "9": {"1": 999.0, "2": 999.0, "7": 999.0, "8": 520.7460247681287}}, "6": {"0": {"3": 11.712665817296557, "4": 11.182166981758899, "7": 11.321321523592987, "9": 12.458561070467809}, "1": {"3": 11.341428184719684, "4": 11.338008591856854, "7": 11.363277629332707, "9": 11.515269953363369}, "2": {"3": 999.0, "4": 999.0, "7": 999.0, "9": 999.0}, "3": {"3": 999.0, "4": 11.804059596669505, "7": 999.0, "9": 999.0}, "4": {"3": 10.80593520132373, "4": 999.0, "7": 10.813670536011605, "9": 999.0}, "5": {"3": 999.0, "4": 12.701377141038899, "7": 999.0, "9": 11.993951403197835}, "7": {"3": 10.721925896083011, "4": 10.901050374666355, "7": 999.0, "9": 999.0}, "8": {"3": 14.813185420004361, "4": 999.0, "7": 999.0, "9": 999.0}, "9": {"3": 11.007578137252283, "4": 11.046315613289025, "7": 100.34264310189336, "9": 999.0}}, "7": {"0": {"4": 999.0, "5": 999.0, "6": 999.0, "9": 14.625267330002652}, "1": {"4": 11.196839950677008, "5": 999.0, "6": 10.480403287358415, "9": 10.81025332071819}, "2": {"4": 999.0, "5": 999.0, "6": 999.0, "9": 109.00995622140309}, "3": {"4": 11.373646005009093, "5": 999.0, "6": 999.0, "9": 11.22779899692757}, "4": {"4": 999.0, "5": 999.0, "6": 10.744100865065914, "9": 10.563648430179661}, "5": {"4": 10.570223283861546, "5": 999.0, "6": 999.0, "9": 10.765500370861298}, "6": {"4": 999.0, "5": 11.279114444023813, "6": 999.0, "9": 11.424340500593305}, "8": {"4": 109.528686666652, "5": 999.0, "6": 999.0, "9": 10.745311785799139}, "9": {"4": 733.2379764666957, "5": 999.0, "6": 999.0, "9": 999.0}}, "8": {"0": {"3": 999.0, "5": 13.035418511560408, "9": 13.049770848744913}, "1": {"3": 999.0, "5": 9.878706223431092, "9": 999.0}, "2": {"3": 981.2137764086483, "5": 999.0, "9": 999.0}, "3": {"3": 999.0, "5": 10.86666193744886, "9": 10.739364128894877}, "4": {"3": 999.0, "5": 999.0, "9": 999.0}, "5": {"3": 999.0, "5": 3.943329753320634, "9": 10.0}, "6": {"3": 999.0, "5": 999.0, "9": 12.815859758631673}, "7": {"3": 999.0, "5": 999.0, "9": 999.0}, "9": {"3": 999.0, "5": 999.0, "9": 999.0}}, "9": {"0": {"6": 999.0, "7": 999.0, "8": 999.0}, "1": {"6": 999.0, "7": 999.0, "8": 11.764763207319394}, "2": {"6": 461.2707741156978, "7": 999.0, "8": 999.0}, "3": {"6": 999.0, "7": 10.931695626221028, "8": 11.233489182326112}, "4": {"6": 11.152431528179983, "7": 999.0, "8": 11.644761026666465}, "5": {"6": 999.0, "7": 10.131808249578453, "8": 8.80627293503172}, "6": {"6": 999.0, "7": 999.0, "8": 12.13826468358985}, "7": {"6": 999.0, "7": 5.270452231556819, "8": 10.0}, "8": {"6": 11.61525558828712, "7": 11.421338386871557, "8": 999.0}}}